TRUNCATE account;
TRUNCATE prunable_message;
TRUNCATE public_key;

insert into account
(DB_ID, ID, BALANCE, UNCONFIRMED_BALANCE, HAS_CONTROL_PHASING, FORGED_BALANCE, ACTIVE_LESSEE_ID, HEIGHT, LATEST)
values (10, -6004096130734886685, 25000000000000, 25000000000000, false, 0, null, 100, true),
       (20, 4882266200596627944, 500000000000, 500000000000, false, 0, null, 100, true),
       (30, -5872452783836294400, 1000000000000, 1000000000000, false, 0, null, 100, true)
;
insert into public_key
    (DB_ID, ACCOUNT_ID, PUBLIC_KEY, HEIGHT, LATEST)
values (10, -6004096130734886685, X'2e8b2883c27b391359d7d0c15d00815a6693290a38dd8eba341cc07ddaa8ed4d', 1, true),
(20          ,4882266200596627944    ,X'c0b126b5aa134b84e64625256b8de8973787612b1f3839d2c60526d2114e886d'                      ,10          ,true ),
(30          ,-5872452783836294400   ,X'a574702cf92b7e0a7847f921ca8a23f538d62a582cc6a2f4861b160077c5f245'                      ,15          ,true )
;
INSERT INTO prunable_message
(db_id         ,id                  ,sender_id               , recipient_id          ,message                                                 , encrypted_message                                                                                                                                                                                                                     ,message_is_text  , encrypted_is_text , is_compressed, block_timestamp, transaction_timestamp, height) VALUES
(1000           ,10                  ,-6004096130734886685   ,4882266200596627944    ,null                                                    ,X'b63f809f0df0b52f46225b702855c2704653e88ae96cd3dfe2c50cf2e30f747907cbb06267616241aa3aa55c2bf90457b1f275e9c96d42c7cc73cdb229a4fed055ad55245c89348c0d05c757e771996d8d597125aabb471bb25cd2d6e524f1bb9811c40f8259eff2cadf1f48df5c06f3'    ,false            , true              , true         , 128            ,  120                   , 10   ),
(1010           ,20                  ,4882266200596627944    ,-6004096130734886685   ,X'48692c20416c69636521'                                 ,X'7ac5c6571b768208df62ee48d3e9c8151abeb0f11858c66d01bdf0b8170b0741b596da28500094b25ed0bb981a41f4dfe489128c4013638d5c8eb143946b6af77b64da893560374409866b0db539ff456bbe56de583181db3ac90d67ee6f16bc0be3faa400e03ef25616b45789fde2ab'    ,true             , true              , true         , 140            ,  130                   , 12   ),
(1020           ,30                  ,-6004096130734886685   ,4882266200596627944    ,X'476f6f646279652c20426f6221'                           ,X'dd39282b7262b9369773b68a851491bbecac1f9b7a6ec078381962b129872c2df5ee11b489ef1733e78c6c54fb6fbcf992071fdb83c4e40f501b8101af76dae9c61c3726d86490c43955644a64aa004d4fa45184e37060247a9a535acdc638ac'                                    ,true             , true              , false         ,158            ,  155                   , 14   ),
(1030           ,40                  ,4882266200596627944    ,-6004096130734886685   ,X'ff3456236527fdab'                                     ,X'dae6440045c8d5bf5c561d5ed9209898654038bb375875e5a50bf0d7bb44bdcaf4c074354638aa0fe97d70d4cb00a6d62c119703b75f63d40a29190feb85ba54d9e8e433e07bfcea5923e0ff59a0e8fd3c9bdd7bcd76a08eb5bcec871c65d06f'                                    ,false            , true              , false         ,160            ,  157                   , 15   ),
(1040           ,50                  ,-6004096130734886685   ,-6004096130734886685   ,null                                                    ,X'7f39dde4494bdd8036799dc04d2e7967c3cc40af2fd3a0bd40e5113076713b9f2aa6895b6f848bfafce0fc085c991d0f0883ef75fe8b75e3bcf9308d4de27837958436fb572cf954a3dff1523908d4d09ff85558cb2bcd6ac2bba4967c4ae9c6fca25f4f8313b53b3aec308e02e3f758'    ,false            , true              , true          ,180            ,  168                   , 18   ),
(1050           ,60                  ,-5872452783836294400   ,-6004096130734886685   ,X'54657374206d65737361676520746f20416c696365'           ,null                                                                                                                                                                                                                                   ,true             , false             , false         ,185            ,  178                   , 19   ),
(1060           ,70                  ,4882266200596627944    ,4882266200596627944    ,null                                                    ,X'a8d8a1784144872e909f5c5c0eb75ea01fc45a3a0aba2f04bbe8bc29414ab1d82c617d184baf26d4dab5f6e584326eb7a69649d70906cbae8a8633c59b5357b5f19ab6a1bcc94939b33723c192c734f62886a8ad860d8bcd23398545d04776d33401adbdf1f4b72d669388ade4cc759c'    ,false            , true              , true          ,211            ,  214                   , 22   ),
(1070           ,80                  ,-5872452783836294400   ,-6004096130734886685   ,null                                                    ,X'11c48e4daac8e8582c9b83715366a0a0b4a7b7ae048d0ad115d22ae973c9c9e255fbb70f1b17168f6d15d877fa4dfd9017c8aedc9211e4576e434fb4b7102776777164f79368343936dd87f65dd58b24f61b075973c7b7c5947e5020bc835baf'                                    ,false            , true              , false         ,212            ,  225                   , 23   ),
(1080           ,90                  ,-5872452783836294400   ,4882266200596627944    ,X'f3ab4384a18c2911'                                     ,X'8de2b1bb43fc8f8ed866f551edae2f688494da7601b914fbc69f2c9c406f537845eab9a324a151d432d82a0e9d989467b1ff559a947fe8a5d0c9fe7bf0e6d0a44504273ff6b92b419abf752401b785157eb320f78e6ac13f75036a799ea47a4c'                                    ,false            , false             , false         ,232            ,  230                   , 25   ),
(1090           ,100                 ,4882266200596627944    ,-5872452783836294400   ,null                                                    ,X'a1e59a83f92fe32e2e8bd4d840adca3af792e65499ae3d87068c793daf7f7d238c9c0820c951a9280d78e492eb27fb5961a974d98f63756728cb7a22d658dabbc0c6bf192eea4f41d950cff9f51c12f03f2f853cd9ead88f3c88ebbdb1ae0423dad64b3d2c0801fc1780b41c84fc330e'    ,false            , false             , true          ,247            ,  242                   , 28   ),
(1100           ,110                 ,-6004096130734886685   ,-5872452783836294400   ,X'48656c6c6f20436875636b'                               ,null                                                                                                                                                                                                                                   ,true             , false             , false         ,259            ,  254                   , 30   )
;